id,focus,signal,slack,drag,confidence,score,lane,kind,invariant
g001,event finality,77,30,10,91,389,ship,baseline,monotonic-signal
g002,nonce pressure,60,59,31,64,239,ship,edge,drag-penalty
g003,settlement risk,99,76,22,33,417,ship,recovery,confidence-floor
g004,proof depth,78,17,19,44,297,ship,negative,lane-boundary
g005,event finality,115,25,19,97,506,ship,baseline,monotonic-signal
g006,nonce pressure,49,31,41,42,105,watch,edge,drag-penalty
g007,settlement risk,64,72,33,105,301,ship,recovery,confidence-floor
g008,proof depth,75,25,30,55,260,ship,negative,lane-boundary
g009,event finality,40,74,30,78,192,ship,baseline,monotonic-signal
g010,nonce pressure,70,31,32,51,234,ship,edge,drag-penalty
g011,settlement risk,44,47,34,42,129,watch,recovery,confidence-floor
g012,proof depth,35,57,16,42,175,ship,negative,lane-boundary
g013,event finality,34,65,19,46,171,ship,baseline,monotonic-signal
g014,nonce pressure,37,36,32,53,109,watch,edge,drag-penalty
g015,settlement risk,42,24,19,104,220,ship,recovery,confidence-floor
g016,proof depth,92,56,14,91,459,ship,negative,lane-boundary
g017,event finality,76,74,13,46,372,ship,baseline,monotonic-signal
g018,nonce pressure,72,16,35,28,192,ship,edge,drag-penalty
g019,settlement risk,73,59,6,66,393,ship,recovery,confidence-floor
g020,proof depth,77,13,35,90,271,ship,negative,lane-boundary
g021,event finality,39,63,30,63,162,ship,baseline,monotonic-signal
g022,nonce pressure,111,20,8,32,464,ship,edge,drag-penalty
g023,settlement risk,107,36,40,43,347,ship,recovery,confidence-floor
g024,proof depth,108,12,37,96,392,ship,negative,lane-boundary
g025,event finality,68,23,16,41,272,ship,baseline,monotonic-signal
g026,nonce pressure,96,10,7,104,470,ship,edge,drag-penalty
g027,settlement risk,113,41,4,54,531,ship,recovery,confidence-floor
g028,proof depth,81,24,4,77,409,ship,negative,lane-boundary
g029,event finality,113,53,26,50,451,ship,baseline,monotonic-signal
g030,nonce pressure,44,35,18,41,180,ship,edge,drag-penalty
g031,settlement risk,57,64,15,41,273,ship,recovery,confidence-floor
g032,proof depth,30,11,15,45,116,watch,negative,lane-boundary
g033,event finality,101,22,17,52,410,ship,baseline,monotonic-signal
g034,nonce pressure,52,30,19,103,265,ship,edge,drag-penalty
g035,settlement risk,31,36,43,90,78,hold,recovery,confidence-floor
g036,proof depth,68,77,4,45,378,ship,negative,lane-boundary
g037,event finality,90,30,17,27,349,ship,baseline,monotonic-signal
g038,nonce pressure,105,9,4,65,478,ship,edge,drag-penalty
g039,settlement risk,116,36,41,89,425,ship,recovery,confidence-floor
g040,proof depth,81,52,40,62,278,ship,negative,lane-boundary
g041,event finality,111,62,20,31,457,ship,baseline,monotonic-signal
g042,nonce pressure,85,70,33,42,320,ship,edge,drag-penalty
g043,settlement risk,76,41,20,95,360,ship,recovery,confidence-floor
g044,proof depth,75,29,15,40,309,ship,negative,lane-boundary
g045,event finality,78,61,35,103,336,ship,baseline,monotonic-signal
g046,nonce pressure,83,9,25,53,294,ship,edge,drag-penalty
g047,settlement risk,45,21,22,76,189,ship,recovery,confidence-floor
g048,proof depth,117,64,43,49,409,ship,negative,lane-boundary
g049,event finality,113,18,34,40,374,ship,baseline,monotonic-signal
g050,nonce pressure,114,68,31,40,440,ship,edge,drag-penalty
g051,settlement risk,30,25,31,44,65,hold,recovery,confidence-floor
g052,proof depth,80,41,11,51,368,ship,negative,lane-boundary
g053,event finality,64,17,45,102,195,ship,baseline,monotonic-signal
g054,nonce pressure,60,28,42,89,189,ship,edge,drag-penalty
g055,settlement risk,61,15,42,44,135,watch,recovery,confidence-floor
g056,proof depth,109,46,44,26,332,ship,negative,lane-boundary
g057,event finality,49,29,4,64,273,ship,baseline,monotonic-signal
g058,nonce pressure,66,58,28,88,298,ship,edge,drag-penalty
g059,settlement risk,34,40,31,61,113,watch,recovery,confidence-floor
g060,proof depth,66,69,44,30,187,ship,negative,lane-boundary
g061,event finality,85,16,31,41,273,ship,baseline,monotonic-signal
g062,nonce pressure,98,27,26,94,409,ship,edge,drag-penalty
g063,settlement risk,71,35,25,39,258,ship,recovery,confidence-floor
g064,proof depth,54,41,5,102,339,ship,negative,lane-boundary
g065,event finality,93,12,18,52,364,ship,baseline,monotonic-signal
g066,nonce pressure,72,35,5,75,378,ship,edge,drag-penalty
g067,settlement risk,109,14,42,48,330,ship,recovery,confidence-floor
g068,proof depth,43,41,20,39,172,ship,negative,lane-boundary
g069,event finality,58,57,10,39,288,ship,baseline,monotonic-signal
g070,nonce pressure,69,67,7,43,358,ship,edge,drag-penalty
g071,settlement risk,34,75,28,50,149,watch,recovery,confidence-floor
g072,proof depth,64,46,19,101,327,ship,negative,lane-boundary
g073,event finality,38,34,16,88,210,ship,baseline,monotonic-signal
g074,nonce pressure,117,66,16,43,513,ship,edge,drag-penalty
g075,settlement risk,116,14,38,25,351,ship,recovery,confidence-floor
g076,proof depth,31,26,30,63,93,hold,negative,lane-boundary
g077,event finality,36,69,27,87,192,ship,baseline,monotonic-signal
g078,nonce pressure,86,23,27,60,319,ship,edge,drag-penalty
g079,settlement risk,70,73,29,29,266,ship,recovery,confidence-floor
g080,proof depth,66,30,31,40,210,ship,negative,lane-boundary
g081,event finality,67,46,13,93,355,ship,baseline,monotonic-signal
g082,nonce pressure,71,22,16,38,280,ship,edge,drag-penalty
g083,settlement risk,33,33,29,101,150,watch,recovery,confidence-floor
g084,proof depth,105,20,16,51,427,ship,negative,lane-boundary
g085,event finality,101,51,11,74,485,ship,baseline,monotonic-signal
g086,nonce pressure,102,34,10,47,449,ship,edge,drag-penalty
g087,settlement risk,62,63,32,38,221,ship,recovery,confidence-floor
g088,proof depth,90,45,45,38,263,ship,negative,lane-boundary
g089,event finality,107,74,32,42,416,ship,baseline,monotonic-signal
g090,nonce pressure,75,21,27,49,262,ship,edge,drag-penalty
g091,settlement risk,107,32,5,100,540,ship,recovery,confidence-floor
g092,proof depth,38,40,37,87,131,watch,negative,lane-boundary
g093,event finality,51,46,34,42,156,ship,baseline,monotonic-signal
g094,nonce pressure,112,17,13,24,437,ship,edge,drag-penalty
g095,settlement risk,95,40,4,62,466,ship,recovery,confidence-floor
g096,proof depth,46,19,43,86,117,watch,negative,lane-boundary
